{"cameraMode":{"drawMode":0,"name":"Shaded","section":"Shading Mode"},"sceneLighting":true,"audioPlay":false,"sceneViewState":{"m_AlwaysRefresh":false,"showFog":true,"showSkybox":true,"showFlares":true,"showImageEffects":true,"showParticleSystems":true,"showVisualEffectGraphs":true,"m_FxEnabled":true},"in2DMode":false,"pivot":{"x":0.8444901704788208,"y":-19.09860610961914,"z":134.12460327148438},"rotation":{"x":-0.07323892414569855,"y":-0.0005192627431824803,"z":0.00011836186604341492,"w":-0.9974108338356018},"size":69.43351745605469,"orthographic":false}