{"cameraMode":{"drawMode":0,"name":"Shaded","section":"Shading Mode"},"sceneLighting":true,"audioPlay":false,"sceneViewState":{"m_AlwaysRefresh":false,"showFog":true,"showSkybox":false,"showFlares":true,"showImageEffects":true,"showParticleSystems":true,"showVisualEffectGraphs":true,"m_FxEnabled":true},"in2DMode":false,"pivot":{"x":0.02025200054049492,"y":0.9969359040260315,"z":-2.057053804397583},"rotation":{"x":-0.025788074359297754,"y":0.038075100630521777,"z":-0.0009830022463575006,"w":-0.9989416003227234},"size":3.3073947429656984,"orthographic":false}