{"cameraMode":{"drawMode":0,"name":"Shaded","section":"Shading Mode"},"sceneLighting":true,"audioPlay":false,"sceneViewState":{"m_AlwaysRefresh":false,"showFog":true,"showSkybox":true,"showFlares":true,"showImageEffects":true,"showParticleSystems":true,"showVisualEffectGraphs":true,"m_FxEnabled":true},"in2DMode":false,"pivot":{"x":1.8207206726074219,"y":0.11007711291313172,"z":0.8181514739990234},"rotation":{"x":0.052121344953775409,"y":0.5096051692962647,"z":-0.030837351456284524,"w":0.8582909107208252},"size":2.4815986156463625,"orthographic":false}